id,name,date_of_birth,role,phone_number,city
0,Mark Mansour,2000-03-02,Clerk,01047789003,Ismailia
1,Hager Ramadan,2000-06-21,Clerk,01032694989,Sadr
2,Abdo Gaber,2000-07-03,Student,01034903780,Ismailia
3,Manar Mosa,2000-08-25,Clerk,01018478111,Suez
4,Fatma Saeed,1999-03-21,Clerk,01123891244,Ismailia
5,Ahmed Walid,2000-08-24,Student,01521285370,Alex
6,Abdo Amin,2000-04-20,Clerk,01231641546,Giza
7,Khaled Mahrous,1999-01-20,Student,01585885899,Alex
8,Manar Walid,1999-05-15,Student,01042689072,Alex
9,Menna Mohamed,1999-08-11,Student,01176299750,Giza
10,Kawther Mosa,2000-08-03,Student,01094907204,Alex
11,Kawther Ahmed,2000-09-12,Student,01010240478,Suez
12,Abdo Adel,2000-12-17,Clerk,01514109751,Alex
13,Fady Saad,2000-08-22,Clerk,01299042386,Giza
14,Mark Saad,1999-09-07,Student,01553042691,Suez
15,Ahmed Abbas,2000-01-28,Student,01538971085,Alex
16,Hager Mohamed,1999-02-16,Student,01594521406,Cairo
17,Mark Mahrous,2000-09-27,Student,01283884153,Cairo
18,Mohammed Gaber,1999-05-16,Student,01581361696,Ismailia
19,Mahmoud Walid,2000-10-14,Student,01192547630,Alex
20,Menna Amin,2000-05-01,Student,01023020715,Giza
21,Mona Youssef,2000-01-10,Student,01292015592,Alex
22,Abdo Walid,2000-02-03,Student,01176143541,Alex
23,Fatma Mohsen,2000-06-02,Student,01517577043,Alex
24,Kawther Saeed,2000-03-21,Student,01573640962,Ismailia
25,Manar Mahrous,1999-09-02,Student,01032992238,Alex
26,Fady Saeed,2000-11-15,Professor,01554507150,Sadr
27,Ahmed Shazly,1999-05-25,Clerk,01059802030,Suez
28,Ali Emad,2000-11-12,Student,01179009472,Suez
29,Kawther Emad,1999-10-23,Student,01534128138,Sadr
30,Kawther Ramadan,2000-02-07,Student,01520758430,Ismailia
31,Mark Abbas,1999-01-03,Student,01279784446,Ismailia
32,Mostafa Ibrahim,2000-01-20,Student,01118569368,Sadr
33,Fatma Mosa,2000-01-12,Student,01147281607,Suez
34,Mona Mansour,2000-02-01,Student,01567831815,Alex
35,Mark Nabil,2000-04-20,Student,01166572025,Cairo
36,Fady Saeed,2000-11-02,Student,01087274874,Cairo
37,Mark Ramadan,1999-08-14,Student,01571228005,Alex
38,Mohammed Mahrous,2000-08-08,Student,01218285769,Alex
39,Abir Amin,2000-01-24,Student,01525008145,Ismailia
40,Abdo Shazly,2000-10-05,Clerk,01177244721,Cairo
41,Khaled Nabil,2000-05-08,Clerk,01176671387,Cairo
42,Fatma Nabil,2000-02-18,Student,01572492600,Sadr
43,Mona Mohamed,2000-05-15,Student,01085684619,Suez
44,Fady Ramadan,2000-04-19,Student,01213826982,Sadr
45,Khaled Shahin,2000-01-10,Student,01550600453,Giza
46,Hager Youssef,2000-02-08,Clerk,01055132351,Cairo
47,Abir Gaber,2000-01-25,Student,01045515984,Giza
48,Abdo Mohsen,2000-07-30,Clerk,01121991935,Suez
49,Mahmoud Gaber,1999-06-16,Student,01297611852,Giza
50,Mark Saeed,1999-02-25,Clerk,01175690934,Sadr
51,Abdallah Mohsen,2000-09-14,Student,01248125186,Suez
52,Nour Saad,2000-06-24,Clerk,01041123091,Alex
53,Mona Emad,2000-03-17,Student,01514610894,Giza
54,Mohammed Abbas,1999-12-25,Professor,01050499535,Cairo
55,Fady Mosa,2000-02-09,Student,01035502548,Suez
56,Manar Shahin,1999-04-11,Student,01057992862,Sadr
57,Ibrahim Adel,2000-11-14,Student,01121222265,Ismailia
58,Fady Emad,1999-10-17,Student,01546817700,Giza
59,Nour Shahin,2000-11-28,Student,01113203173,Suez
60,Ibrahim Adel,2000-05-27,Student,01034950062,Ismailia
61,Abdallah Shahin,2000-09-24,Student,01036694724,Cairo
62,Mona Nabil,2000-06-06,Student,01565826248,Suez
63,Fady Ibrahim,2000-10-25,Professor,01181263477,Sadr
64,Ali Amin,1999-04-29,Professor,01216716981,Alex
65,Ali Mansour,2000-09-01,Student,01156964714,Suez
66,Nour Saeed,1999-08-24,Student,01573357466,Ismailia
67,Mark Ramadan,2000-01-18,Clerk,01250180545,Alex
68,Fatma Nabil,2000-06-11,Student,01251950228,Ismailia
69,Fatma Saeed,1999-03-27,Professor,01570952130,Sadr
70,Abdallah Ahmed,1999-08-18,Professor,01134949244,Cairo
71,Mona Adel,2000-10-13,Student,01171604536,Ismailia
72,Abdo Walid,2000-10-01,Student,01166335974,Cairo
73,Ibrahim Ahmed,2000-05-01,Student,01580888008,Ismailia
74,Mohammed Gaber,1999-12-04,Student,01587208531,Ismailia
75,Mostafa Ramadan,2000-06-01,Student,01291727788,Alex
76,Fady Youssef,2000-01-05,Student,01571047679,Alex
77,Abdo Ibrahim,2000-06-11,Clerk,01222884150,Suez
78,Abdo Saad,1999-12-08,Student,01285759734,Alex
79,Mahmoud Youssef,2000-01-11,Student,01053958589,Sadr
80,Menna Mahrous,2000-10-04,Student,01520450429,Sadr
81,Abdallah Youssef,1999-12-07,Student,01048546503,Alex
82,Menna Youssef,1999-10-09,Clerk,01279731332,Giza
83,Abir Mohsen,2000-06-26,Student,01261333727,Cairo
84,Ahmed Walid,2000-07-01,Student,01263930607,Sadr
85,Manar Youssef,1999-09-29,Student,01252871650,Giza
86,Abdo Mosa,1999-04-01,Student,01139383627,Suez
87,Ali Nabil,1999-11-24,Professor,01557486071,Alex
88,Mahmoud Mahrous,2000-06-02,Student,01068479389,Ismailia
89,Menna Mohsen,1999-08-19,Student,01542536122,Alex
90,Nour Walid,2000-09-28,Student,01178017359,Alex
91,Nour Mohamed,1999-03-20,Student,01234916059,Ismailia
92,Mohammed Saeed,2000-09-01,Clerk,01257139841,Giza
93,Abdo Mosa,1999-03-02,Student,01530385833,Alex
94,Mostafa Gaber,2000-05-31,Student,01277254029,Ismailia
95,Abdo Shazly,2000-12-22,Student,01159927202,Sadr
96,Khaled Emad,2000-02-16,Student,01039468633,Alex
97,Fady Shazly,1999-05-08,Clerk,01263857318,Cairo
98,Hager Ahmed,1999-11-01,Student,01243472625,Alex
99,Mahmoud Youssef,2000-03-19,Student,01279831883,Giza
100,Kawther Shahin,1999-08-30,Student,01256382872,Giza
101,Fatma Mansour,2000-08-31,Student,01279577069,Sadr
102,Mona Mahrous,1999-08-08,Student,01223644038,Cairo
103,Mark Mosa,1999-09-21,Student,01127761189,Cairo
104,Manar Shahin,2000-10-19,Student,01577703569,Sadr
105,Mostafa Youssef,1999-04-29,Student,01263682223,Cairo
106,Mona Abbas,2000-02-24,Student,01594973143,Giza
107,Manar Saad,1999-05-02,Student,01072464293,Cairo
108,Mark Saad,1999-12-12,Student,01111871438,Suez
109,Mostafa Gaber,1999-09-16,Clerk,01095978744,Ismailia
110,Fady Ibrahim,1999-12-13,Student,01190701459,Giza
111,Manar Saad,1999-03-29,Student,01245033111,Ismailia
112,Mostafa Youssef,2000-12-28,Student,01532491410,Sadr
113,Ahmed Walid,1999-12-03,Professor,01054027940,Suez
114,Kawther Saeed,1999-08-01,Student,01035806458,Suez
115,Ibrahim Gaber,2000-06-20,Student,01113992454,Sadr
116,Manar Walid,2000-02-06,Professor,01180215102,Suez
117,Mark Ahmed,2000-05-05,Student,01295015875,Cairo
118,Abir Mosa,2000-03-07,Student,01517252300,Alex
119,Fatma Saad,1999-11-13,Student,01528651167,Suez
120,Menna Mohsen,1999-01-22,Professor,01054272688,Suez
121,Manar Amin,2000-04-30,Student,01195489818,Alex
122,Khaled Mansour,1999-06-09,Student,01178091132,Suez
123,Fady Nabil,1999-03-11,Student,01559557577,Suez
124,Ahmed Adel,2000-07-19,Clerk,01295651363,Ismailia
125,Ahmed Mohamed,1999-12-04,Clerk,01539586336,Cairo
126,Fatma Walid,2000-04-25,Student,01179643154,Alex
127,Menna Saad,2000-05-13,Student,01014549892,Suez
128,Ahmed Shazly,2000-06-03,Student,01221845219,Alex
129,Abdo Mansour,2000-04-25,Student,01590624348,Giza
130,Mahmoud Shazly,1999-05-17,Clerk,01040765974,Ismailia
131,Mona Abbas,2000-02-03,Student,01216727615,Ismailia
132,Mostafa Abbas,2000-05-14,Student,01515023573,Alex
133,Abdallah Mansour,1999-06-05,Clerk,01030669554,Alex
134,Mohammed Youssef,1999-04-14,Clerk,01249141196,Suez
135,Ali Abbas,1999-11-15,Student,01179945114,Sadr
136,Ibrahim Abbas,2000-06-21,Student,01267689288,Cairo
137,Mahmoud Gaber,1999-04-04,Clerk,01055505655,Ismailia
138,Menna Walid,1999-01-29,Student,01127856608,Giza
139,Manar Mohamed,1999-06-09,Clerk,01556886368,Ismailia
140,Nour Mosa,2000-06-19,Student,01057667899,Suez
141,Khaled Mohamed,1999-01-10,Student,01241446937,Sadr
142,Ahmed Nabil,2000-12-29,Student,01075504972,Giza
143,Hager Abbas,1999-05-08,Professor,01530129107,Giza
144,Fatma Shazly,2000-12-01,Clerk,01557469062,Cairo
145,Abdo Saeed,1999-04-20,Student,01253271502,Cairo
146,Menna Ahmed,2000-06-01,Student,01111420857,Alex
147,Mostafa Saad,1999-09-26,Student,01588423488,Alex
148,Ibrahim Mohsen,1999-01-04,Student,01082405936,Sadr
149,Mahmoud Mohsen,2000-12-28,Clerk,01293470721,Alex
150,Kawther Mohamed,1999-02-02,Student,01215791624,Ismailia
151,Abdallah Ramadan,1999-10-19,Student,01151676820,Sadr
152,Mona Saad,1999-12-23,Student,01057229347,Alex
153,Mostafa Mansour,1999-03-25,Student,01057223548,Ismailia
154,Mark Mahrous,2000-08-05,Professor,01289247386,Ismailia
155,Ibrahim Ibrahim,1999-01-16,Student,01027796857,Giza
156,Fatma Mohsen,2000-05-20,Student,01125033936,Cairo
157,Mahmoud Mansour,2000-07-13,Student,01554009674,Giza
158,Ibrahim Mahrous,1999-07-19,Student,01034683366,Suez
159,Menna Nabil,1999-01-02,Student,01142511225,Ismailia
160,Mona Saeed,2000-07-11,Student,01037741027,Suez
161,Ahmed Mohamed,1999-08-24,Professor,01222602254,Ismailia
162,Mona Shahin,1999-01-29,Clerk,01248935998,Sadr
163,Nour Saeed,2000-11-23,Student,01185836023,Ismailia
164,Ahmed Nabil,1999-11-20,Student,01027462148,Giza
165,Manar Emad,2000-08-10,Student,01044292406,Suez
166,Mostafa Youssef,2000-04-22,Student,01298440978,Giza
167,Hager Amin,1999-07-31,Student,01267045584,Cairo
168,Nour Mohsen,1999-06-18,Clerk,01267289634,Ismailia
169,Mahmoud Walid,1999-10-18,Student,01236652368,Alex
170,Mostafa Emad,1999-07-14,Student,01565256061,Sadr
171,Khaled Mohamed,1999-03-04,Student,01147210309,Cairo
172,Mahmoud Nabil,1999-03-21,Clerk,01514350461,Alex
173,Menna Nabil,2000-11-30,Student,01091462417,Ismailia
174,Abdallah Ahmed,2000-11-16,Clerk,01260802359,Ismailia
175,Mohammed Mohsen,2000-09-05,Student,01247634221,Sadr
176,Ibrahim Mohsen,2000-01-09,Clerk,01299628901,Suez
177,Hager Shahin,2000-06-18,Student,01595834406,Suez
178,Fatma Saeed,2000-08-02,Student,01190379861,Sadr
179,Abdo Mohsen,2000-09-28,Clerk,01247020712,Alex
180,Manar Walid,2000-01-18,Student,01186003086,Giza
181,Nour Youssef,1999-01-10,Student,01065788205,Alex
182,Abir Mosa,2000-12-20,Clerk,01540874888,Giza
183,Fady Nabil,1999-09-08,Student,01138448870,Suez
184,Fady Ahmed,2000-09-18,Student,01186439004,Suez
185,Fady Youssef,1999-10-27,Student,01273703409,Suez
186,Mahmoud Ramadan,1999-06-11,Student,01564081230,Ismailia
187,Mark Gaber,2000-10-19,Student,01126369394,Suez
188,Mona Adel,1999-11-03,Student,01136389712,Giza
189,Abir Walid,2000-05-24,Student,01251956393,Suez
190,Ali Ramadan,1999-06-23,Student,01244247490,Suez
191,Hager Shazly,2000-12-06,Student,01091889502,Ismailia
192,Abdo Mahrous,2000-02-07,Student,01578777842,Suez
193,Khaled Amin,1999-10-26,Student,01122185706,Giza
194,Mahmoud Youssef,1999-01-29,Clerk,01070473860,Cairo
195,Ali Mohamed,2000-09-04,Professor,01259909594,Suez
196,Hager Saeed,2000-08-26,Clerk,01251215021,Cairo
197,Mahmoud Mohamed,1999-02-28,Student,01573110639,Giza
198,Hager Youssef,1999-02-13,Student,01593066371,Cairo
199,Mark Adel,1999-12-13,Student,01519395867,Suez
200,Hager Youssef,1999-03-25,Clerk,01251258672,Sadr
201,Khaled Gaber,1999-07-29,Student,01066943772,Cairo
202,Abir Emad,1999-03-23,Student,01133880515,Suez
203,Mark Mohsen,2000-03-28,Student,01532646196,Ismailia
204,Menna Shazly,1999-04-25,Clerk,01292348305,Suez
205,Fady Shahin,1999-07-17,Clerk,01518675330,Suez
206,Mona Mohsen,2000-06-05,Student,01278497104,Giza
207,Kawther Saeed,1999-01-16,Professor,01526229181,Cairo
208,Abdo Emad,2000-03-09,Clerk,01063130004,Sadr
209,Abdo Ibrahim,2000-06-25,Student,01066879028,Cairo
210,Manar Ramadan,1999-12-08,Clerk,01592054482,Ismailia
211,Ibrahim Ahmed,1999-06-11,Student,01582036798,Giza
212,Mostafa Abbas,1999-07-10,Student,01293002809,Giza
213,Menna Adel,2000-12-23,Student,01281716949,Suez
214,Menna Ibrahim,1999-01-21,Student,01162013278,Giza
215,Abir Amin,2000-07-23,Student,01156300804,Ismailia
216,Fady Gaber,2000-12-06,Student,01582492597,Suez
217,Abdo Shahin,1999-05-25,Professor,01188553750,Giza
218,Mark Saad,2000-11-28,Student,01270799321,Sadr
219,Ahmed Amin,2000-02-28,Clerk,01559650042,Ismailia
220,Nour Mohsen,1999-01-28,Student,01295169096,Giza
221,Khaled Gaber,1999-07-05,Student,01281593220,Sadr
222,Manar Mohamed,1999-02-15,Student,01169598314,Alex
223,Mark Amin,1999-07-08,Clerk,01573669678,Giza
224,Manar Walid,2000-08-23,Clerk,01189168715,Alex
225,Nour Mohsen,2000-02-29,Student,01231578368,Alex
226,Ahmed Adel,2000-09-03,Student,01120066073,Giza
227,Ahmed Abbas,1999-11-15,Student,01262841992,Giza
228,Abdo Shazly,1999-07-04,Student,01522545620,Ismailia
229,Mahmoud Ramadan,1999-06-20,Student,01050405406,Giza
230,Fatma Shahin,1999-06-06,Student,01025039593,Alex
231,Nour Nabil,1999-02-25,Clerk,01015295537,Suez
232,Menna Gaber,2000-11-17,Student,01186875253,Sadr
233,Abir Abbas,1999-10-05,Student,01550857677,Cairo
234,Nour Nabil,2000-05-07,Student,01139027498,Sadr
235,Fatma Saeed,2000-03-07,Professor,01274808599,Ismailia
236,Mohammed Ahmed,1999-11-09,Student,01567450874,Sadr
237,Hager Nabil,1999-10-27,Student,01162297708,Giza
238,Abdallah Saeed,1999-11-24,Student,01130326185,Suez
239,Abir Saad,1999-01-19,Clerk,01114459015,Sadr
240,Mark Mohamed,1999-10-01,Student,01214059329,Ismailia
241,Abdo Ahmed,2000-10-13,Student,01218216109,Suez
242,Manar Mansour,2000-01-03,Student,01218448825,Ismailia
243,Kawther Nabil,1999-01-16,Student,01165096216,Alex
244,Ibrahim Abbas,1999-02-28,Student,01297011030,Suez
245,Ibrahim Shazly,2000-10-28,Student,01189340827,Sadr
246,Abdo Ahmed,1999-09-08,Student,01539931515,Suez
247,Abir Mosa,2000-09-04,Student,01128405511,Suez
248,Fatma Youssef,1999-12-14,Student,01596050936,Giza
249,Ali Amin,1999-12-02,Professor,01120058466,Suez
250,Kawther Mohamed,2000-07-23,Student,01559144110,Ismailia
251,Mark Saad,2000-03-27,Clerk,01030015963,Sadr
252,Menna Mosa,1999-01-12,Student,01052997346,Suez
253,Ibrahim Abbas,1999-04-25,Student,01587322584,Alex
254,Khaled Mansour,1999-08-14,Student,01013086185,Alex
255,Abir Emad,2000-06-17,Student,01054540332,Ismailia
256,Mona Walid,2000-03-23,Student,01535650061,Suez
257,Mark Amin,1999-02-19,Student,01566120089,Ismailia
258,Mohammed Emad,2000-09-01,Student,01161053719,Giza
259,Mohammed Amin,1999-11-27,Student,01560280935,Giza
260,Fady Nabil,1999-08-22,Student,01591248886,Cairo
261,Hager Youssef,2000-02-10,Student,01155558510,Sadr
262,Kawther Ahmed,1999-03-12,Student,01275921339,Sadr
263,Ahmed Saad,1999-03-11,Professor,01254180057,Suez
264,Abdo Saad,2000-01-19,Student,01047374625,Giza
265,Ahmed Ibrahim,1999-09-21,Student,01298298176,Suez
266,Mohammed Youssef,1999-11-22,Student,01027799483,Giza
267,Mohammed Mahrous,1999-11-30,Student,01272288913,Suez
268,Fatma Walid,2000-10-14,Student,01072745311,Sadr
269,Manar Mahrous,2000-10-30,Student,01581535071,Sadr
270,Mahmoud Amin,2000-04-28,Student,01510816752,Sadr
271,Mostafa Shazly,2000-10-27,Student,01181718768,Cairo
272,Mark Shazly,2000-07-29,Student,01245070076,Alex
273,Mostafa Nabil,2000-11-28,Clerk,01563902587,Cairo
274,Nour Saeed,1999-02-24,Student,01097914205,Giza
275,Hager Gaber,1999-05-20,Student,01051131756,Suez
276,Mostafa Mosa,2000-01-18,Student,01514097959,Cairo
277,Ali Mohsen,2000-07-23,Student,01592285899,Sadr
278,Abdo Adel,1999-12-22,Student,01075565722,Suez
279,Mostafa Ibrahim,1999-08-03,Student,01528333093,Giza
280,Kawther Ramadan,1999-03-15,Student,01158663367,Sadr
281,Abdo Abbas,1999-11-11,Student,01185946973,Suez
282,Mohammed Ahmed,2000-08-07,Student,01158926224,Ismailia
283,Ahmed Shahin,2000-04-22,Student,01191543762,Giza
284,Khaled Amin,2000-11-16,Professor,01067883919,Suez
285,Abdo Nabil,1999-10-05,Student,01098282845,Cairo
286,Ali Nabil,2000-02-22,Student,01531444823,Sadr
287,Kawther Ahmed,2000-03-15,Student,01135833544,Ismailia
288,Nour Ibrahim,1999-10-03,Student,01514559527,Suez
289,Abdo Ibrahim,2000-05-13,Student,01164628323,Alex
290,Hager Ramadan,1999-09-17,Student,01065064734,Ismailia
291,Ibrahim Mahrous,1999-02-14,Student,01068951589,Alex
292,Menna Gaber,1999-09-29,Professor,01539828683,Ismailia
293,Mostafa Mohsen,2000-03-12,Student,01586661027,Cairo
294,Mostafa Amin,1999-03-17,Student,01187598651,Giza
295,Fady Adel,1999-12-09,Professor,01051193236,Cairo
296,Abdo Saad,2000-06-28,Student,01522593313,Cairo
297,Abdallah Nabil,1999-06-09,Student,01118690285,Cairo
298,Mostafa Mosa,1999-01-08,Student,01197325695,Alex
299,Nour Saad,2000-12-21,Student,01257379892,Ismailia
300,Mahmoud Ahmed,2000-08-04,Professor,01259528525,Ismailia
301,Mohammed Mansour,2000-04-27,Student,01575840636,Ismailia
302,Mahmoud Adel,1999-12-28,Student,01090976108,Sadr
303,Abdallah Mohsen,1999-12-13,Clerk,01598864425,Sadr
304,Mahmoud Mansour,1999-05-12,Student,01532503951,Giza
305,Ali Gaber,2000-11-06,Student,01586607553,Cairo
306,Mohammed Mahrous,1999-10-07,Student,01141580556,Sadr
307,Abdo Amin,1999-04-14,Student,01257008136,Sadr
308,Fatma Ahmed,1999-08-04,Student,01190388055,Giza
309,Manar Ahmed,2000-08-10,Student,01226543628,Alex
310,Menna Saad,1999-03-16,Student,01173435670,Alex
311,Fatma Ramadan,2000-08-22,Professor,01085644982,Ismailia
312,Mona Abbas,1999-06-24,Student,01219625199,Alex
313,Ibrahim Ibrahim,1999-03-09,Student,01046810172,Suez
314,Fady Saeed,2000-11-01,Professor,01038892420,Sadr
315,Ibrahim Saad,2000-05-02,Student,01161618113,Ismailia
316,Nour Amin,1999-04-12,Student,01110158096,Cairo
317,Fady Nabil,2000-05-28,Student,01197992459,Alex
318,Mostafa Mosa,2000-12-23,Student,01135158395,Cairo
319,Menna Shahin,1999-10-23,Clerk,01148391067,Giza
320,Hager Mahrous,2000-09-12,Student,01534948294,Sadr
321,Mostafa Walid,2000-09-03,Student,01012389877,Sadr
322,Abdallah Ramadan,2000-05-03,Student,01167211056,Suez
323,Ibrahim Amin,2000-04-04,Student,01077656998,Suez
324,Fatma Saad,2000-07-29,Clerk,01164315064,Alex
325,Abdo Shazly,2000-09-24,Student,01111955830,Sadr
326,Kawther Saad,1999-08-10,Student,01277620843,Giza
327,Nour Youssef,2000-10-19,Student,01294030924,Sadr
328,Fady Mohsen,1999-04-19,Student,01043163727,Cairo
329,Abdo Ibrahim,2000-12-17,Clerk,01230346162,Suez
330,Khaled Shazly,2000-09-23,Clerk,01548001174,Alex
331,Abdallah Youssef,2000-09-06,Student,01284696181,Sadr
332,Kawther Walid,2000-08-19,Student,01197138885,Cairo
333,Kawther Mahrous,2000-04-12,Student,01129562008,Suez
334,Mohammed Saad,2000-11-25,Student,01210372702,Giza
335,Khaled Gaber,1999-01-01,Student,01216804498,Alex
336,Mohammed Mosa,1999-01-04,Student,01156339378,Ismailia
337,Mark Nabil,2000-04-10,Student,01579739070,Ismailia
338,Hager Nabil,2000-07-27,Student,01232683180,Ismailia
339,Kawther Adel,1999-08-12,Student,01062989898,Suez
340,Mohammed Mahrous,2000-09-14,Student,01127169682,Ismailia
341,Mona Abbas,2000-07-09,Clerk,01584636406,Suez
342,Mahmoud Ibrahim,1999-10-05,Professor,01033559667,Alex
343,Mona Saad,1999-07-24,Student,01568367376,Ismailia
344,Abir Saad,1999-01-23,Student,01520914216,Ismailia
345,Kawther Gaber,1999-01-20,Student,01047527477,Giza
346,Mark Nabil,2000-06-12,Student,01137263680,Ismailia
347,Khaled Saad,1999-04-20,Clerk,01042163767,Suez
348,Hager Emad,2000-06-29,Student,01570199697,Suez
349,Fatma Youssef,2000-09-16,Student,01278832080,Cairo
350,Mark Amin,1999-10-25,Clerk,01184641902,Giza
351,Mohammed Saad,2000-09-15,Student,01172932094,Cairo
352,Ali Adel,1999-09-25,Student,01047028296,Suez
353,Abdallah Gaber,2000-12-05,Clerk,01513242233,Giza
354,Hager Ibrahim,1999-06-14,Clerk,01168478042,Alex
355,Kawther Ibrahim,2000-04-12,Student,01238876447,Giza
356,Mona Saad,2000-09-10,Student,01530700949,Cairo
357,Mohammed Youssef,2000-04-19,Student,01146994030,Sadr
358,Mostafa Abbas,1999-12-17,Student,01055532870,Sadr
359,Mohammed Amin,1999-01-31,Student,01521488007,Alex
360,Abir Mosa,1999-12-27,Professor,01287786097,Cairo
361,Ibrahim Mansour,2000-07-04,Professor,01111001416,Giza
362,Mona Mohamed,2000-10-28,Student,01123893270,Ismailia
363,Ahmed Walid,1999-08-31,Student,01118877083,Giza
364,Fady Shazly,1999-11-03,Student,01545343900,Suez
365,Mohammed Ibrahim,2000-12-27,Clerk,01057254989,Sadr
366,Nour Mohsen,1999-01-25,Student,01230815789,Ismailia
367,Ahmed Emad,1999-11-29,Student,01288038752,Giza
368,Fatma Mansour,1999-09-23,Student,01272516542,Alex
369,Menna Walid,2000-04-10,Clerk,01555782166,Giza
370,Mohammed Walid,2000-05-25,Student,01248121291,Suez
371,Abir Amin,2000-08-01,Student,01180862020,Giza
372,Khaled Emad,1999-04-23,Student,01246402743,Alex
373,Abdallah Mohsen,1999-09-15,Student,01511292367,Ismailia
374,Abir Mosa,1999-11-28,Clerk,01532373659,Cairo
375,Nour Mohamed,2000-10-08,Student,01157277497,Sadr
376,Fatma Walid,1999-03-26,Clerk,01264108582,Sadr
377,Manar Mahrous,1999-06-02,Student,01537341985,Alex
378,Fatma Saad,1999-05-15,Professor,01044704387,Suez
379,Mahmoud Ramadan,2000-03-07,Clerk,01021290567,Suez
380,Abir Ibrahim,1999-04-23,Student,01166855756,Ismailia
381,Mohammed Youssef,1999-01-08,Student,01599359607,Alex
382,Fady Emad,1999-08-19,Clerk,01075936747,Alex
383,Menna Adel,2000-07-21,Student,01195278133,Ismailia
384,Hager Mohsen,1999-01-04,Student,01510388843,Suez
385,Mostafa Saeed,2000-02-01,Student,01245754850,Suez
386,Hager Adel,1999-04-13,Student,01136839050,Giza
387,Mona Saad,1999-10-30,Professor,01015009119,Giza
388,Menna Mahrous,2000-06-02,Student,01081105776,Suez
389,Manar Mosa,2000-02-01,Student,01074772958,Suez
390,Khaled Amin,1999-01-17,Student,01122779142,Suez
391,Menna Saad,1999-09-12,Student,01184352604,Alex
392,Menna Ahmed,1999-04-10,Student,01597615354,Sadr
393,Hager Mohsen,2000-01-10,Student,01587607030,Giza
394,Kawther Youssef,2000-07-20,Student,01074892142,Suez
395,Mona Ahmed,1999-08-16,Student,01550419896,Giza
396,Mark Ahmed,2000-03-05,Student,01298982893,Suez
397,Ahmed Youssef,1999-06-06,Student,01066763091,Giza
398,Mohammed Saeed,2000-04-15,Student,01219368896,Alex
399,Hager Ahmed,2000-11-19,Student,01073464673,Cairo
